Canis_familiaris,Homo_sapiens,Sus_scrofa,UNKNOWN
0.9058876469899879,0.00920415762430391,0.0003424958927924832,0.08456569949291566
