Canis_familiaris,Homo_sapiens,Sus_scrofa,unknown
0.7725121749842646,0.03160862483718798,0.0014513401426573562,0.1944278600358902
